{"year":{"0":2009.0,"1":2010.0,"2":2011.0,"3":2012.0,"4":2013.0,"5":2014.0,"6":2015.0,"7":2016.0,"8":2017.0,"9":2018.0,"10":2019.0,"11":2020.0,"12":2021.0,"13":2022.0},"amount_normalized":{"0":39747.75,"1":165173.04,"2":808585.15,"3":1188216.7,"4":2145120.8399999999,"5":3404558.9900000002,"6":5545259.75,"7":6354225.1799999997,"8":7680776.4199999999,"9":10900372.9499999993,"10":18555044.6099999994,"11":21729164.1799999997,"12":10706931.3000000007,"13":12000.0},"num_donors":{"0":5,"1":18,"2":106,"3":136,"4":217,"5":480,"6":845,"7":1262,"8":1415,"9":1372,"10":1424,"11":2143,"12":2253,"13":1},"amount_normalized_year_to_current_month":{"0":14077.86,"1":95976.89,"2":203166.12,"3":398242.91,"4":969777.0699999999,"5":1789929.1399999999,"6":2969511.6499999999,"7":3094835.2999999998,"8":4797081.5499999998,"9":4448694.7400000002,"10":6924164.46,"11":11786053.7400000002,"12":10230452.6400000006,"13":12000.0},"donors_year_to_current_month":{"0":2,"1":10,"2":23,"3":53,"4":141,"5":304,"6":645,"7":990,"8":1191,"9":1084,"10":1087,"11":1512,"12":2208,"13":1}}